Message,Encryption,KFrags Gen,KFrags Dist,CFrags Gath,Decryption,Tot
20,2.080810546875,4.392333984375,118.50927734375,131.29052734375,38.846923828125,295.119873046875
