Message,Encryption,KFrags Gen,KFrags Dist,CFrags Gath,Decryption,Tot
20,1.8681640625,10.441650390625,691.87841796875,645.980224609375,38.4013671875,1388.56982421875
