Message,Encryption,KFrags Gen,KFrags Dist,CFrags Gath,Decryption,Tot
20,1.89697265625,9.7685546875,1224.943359375,1196.748046875,24.199951171875,2457.556884765625
