Message,Encryption,KFrags Gen,KFrags Dist,CFrags Gath,Decryption,Tot
20,1.986572265625,11.561279296875,724.568603515625,1062.9658203125,38.554443359375,1839.63671875
