Message,Encryption,KFrags Gen,KFrags Dist,CFrags Gath,Decryption,Tot
20,2.02392578125,9.464111328125,722.952392578125,922.861083984375,41.16162109375,1698.463134765625
