Message,Encryption,KFrags Gen,KFrags Dist,CFrags Gath,Decryption,Tot
20,2.036865234375,9.392822265625,4225.957275390625,4300.796630859375,25.6796875,8563.86328125
