Message,Encryption,KFrags Gen,KFrags Dist,CFrags Gath,Decryption,Tot
20,1.70458984375,9.73779296875,612.37353515625,619.243408203125,22.781982421875,1265.84130859375
