Message,Encryption,KFrags Gen,KFrags Dist,CFrags Gath,Decryption,Tot
20,3.964111328125,13.40869140625,1006.09423828125,1035.740966796875,26.0703125,2085.2783203125
