Message,Encryption,KFrags Gen,KFrags Dist,CFrags Gath,Decryption,Tot
20,2.289794921875,10.13671875,571.10400390625,193.098388671875,44.032470703125,820.661376953125
