Message,Encryption,KFrags Gen,KFrags Dist,CFrags Gath,Decryption,Tot
20,2.75732421875,10.1474609375,769.7353515625,618.83056640625,23.298583984375,1424.769287109375
