Message,Encryption,KFrags Gen,KFrags Dist,CFrags Gath,Decryption,Tot
20,1.79345703125,9.46728515625,967.12353515625,1033.289794921875,26.369384765625,2038.04345703125
