Message,Encryption,KFrags Gen,KFrags Dist,CFrags Gath,Decryption,Tot
20,1.6796875,10.40380859375,1156.51318359375,620.486572265625,25.990234375,1815.073486328125
