Message,Encryption,KFrags Gen,KFrags Dist,CFrags Gath,Decryption,Tot
20,1.98095703125,10.247314453125,849.85107421875,302.67041015625,40.67919921875,1205.428955078125
